<?xml version="1.0" encoding="UTF-8"?>
<!DOCTYPE beans PUBLIC "-//SPRING//DTD BEAN//EN" "http://www.springframwork.org/dtd/spring-beans-2.0.dtd">

<beans>
	<!-- 타킷 클래스 빈 지정 -->
	<bean id="calcTarget" class="com.spring.ex01.Calculator"></bean>
	
	<!-- 로그 기능하는 어드바이스 빈 지정 -->	
	<bean id="logAdvice" class="com.spring.ex01.LoggingAdvice"></bean>
	
	<!-- 스프링 프레임워크에서 제공하는 ProxyFactoryBean을 이용해 타깃과 어드바이스 엮어줌 -->	
	<bean id="proxyCal" class="org.springframework.aop.framework.ProxyFactoryBean">
		<property name="target" ref="calcTarget"></property>
		<property name="interceptorNames">
			<list>
				<value>logAdvice</value>
			</list>
		</property>
	</bean>	
</beans>